id,project_name,src_path,org_path
910,lcms,/src/cms_transform_fuzzer.c,/out/cms_transform_fuzzer,/tmp/output,Can not reach the final output variable (always exit in the middle due to error handling blocks)
3265,librawspeed,/src/librawspeed/fuzz/librawspeed/decoders/TiffDecoders/main.cpp,/out/TiffDecoderFuzzer-SrwDecoder,,
3447,librawspeed,/src/librawspeed/fuzz/librawspeed/decoders/TiffDecoders/main.cpp,/out/TiffDecoderFuzzer-DngDecoder,,
4296,open62541,/src/open62541/tests/fuzz/fuzz_binary_decode.cc,/out/fuzz_binary_decode
4440,librawspeed,/src/librawspeed/fuzz/librawspeed/decompressors/LJpegDecompressor.cpp,/out/LJpegDecompressorFuzzer,,
4492,librawspeed,/src/librawspeed/fuzz/librawspeed/parsers/main.cpp,/out/TiffParserFuzzer-GetDecoder-Decode,,
4764,open62541,/src/open62541/tests/fuzz/fuzz_binary_message.cc,/out/fuzz_binary_message,,
5504,open62541,/src/open62541/tests/fuzz/fuzz_binary_message.cc,/out/fuzz_binary_message
5652,open62541,/src/open62541/tests/fuzz/fuzz_binary_message.cc,/out/fuzz_binary_message
6457,imagemagick,/src/imagemagick/Magick++/fuzz/encoder_fuzzer.cc,/out/encoder_pcd_fuzzer
9388,skia,/src/skia/fuzz/oss_fuzz/FuzzMockGPUCanvas.cpp,/out/api_mock_gpu_canvas
10084,harfbuzz,/src/harfbuzz/test/fuzzing/hb-subset-fuzzer.cc,/out/hb-subset-fuzzer,,
10676,open62541,/src/open62541/tests/fuzz/fuzz_binary_message.cc,/out/fuzz_binary_message
10881,harfbuzz,/src/harfbuzz/test/fuzzing/hb-shape-fuzzer.cc,/out/hb-shape-fuzzer
10899,harfbuzz,/src/harfbuzz/test/fuzzing/hb-shape-fuzzer.cc,/out/hb-shape-fuzzer,,
10986,harfbuzz,/src/harfbuzz/test/fuzzing/hb-shape-fuzzer.cc,/out/hb-shape-fuzzer
11040,skia,/src/skia/fuzz/oss_fuzz/FuzzAndroidCodec.cpp,/out/android_codec
11245,harfbuzz,/src/harfbuzz/test/fuzzing/hb-shape-fuzzer.cc,/out/hb-shape-fuzzer,,
11351,harfbuzz,/src/harfbuzz/test/fuzzing/hb-subset-fuzzer.cc,/out/hb-subset-fuzzer,,
11713,harfbuzz,/src/harfbuzz/test/fuzzing/hb-subset-fuzzer.cc,/out/hb-subset-fuzzer
11753,yara,/src/yara/tests/oss-fuzz/rules_fuzzer.cc,/out/rules_fuzzer
12241,harfbuzz,/src/harfbuzz/test/fuzzing/hb-subset-fuzzer.cc,/out/hb-subset-fuzzer
12312,harfbuzz,/src/harfbuzz/test/fuzzing/hb-shape-fuzzer.cc,/out/hb-shape-fuzzer,,
12419,libxml2,/src/libxml2_xml_reader_for_file_fuzzer.cc,/out/libxml2_xml_reader_for_file_fuzzer,,
14916,gdal,/src/gdal/gdal/fuzzers/gdal_fuzzer.cpp,/out/gtiff_mmap
15270,ffmpeg,/src/ffmpeg/tools/target_dec_fuzzer.c,/out/ffmpeg_AV_CODEC_ID_IFF_ILBM_fuzzer
15775,imagemagick,/src/imagemagick/Magick++/fuzz/ping_fuzzer.cc,/out/ping_ps_fuzzer
15776,imagemagick,/src/imagemagick/Magick++/fuzz/ping_fuzzer.cc,/out/ping_eps_fuzzer
17228,matio,/src/matio/ossfuzz/matio_fuzzer.cpp,/out/matio_fuzzer,,
19744,imagemagick,/src/imagemagick/Magick++/fuzz/encoder_fuzzer.cc,/out/encoder_psd_fuzzer
20061,open62541,/src/open62541/tests/fuzz/fuzz_json_decode.cc,/out/fuzz_json_decode,,
20062,open62541,/src/open62541/tests/fuzz/fuzz_json_decode.cc,/out/fuzz_json_decode
20113,arrow,/src/arrow/cpp/src/arrow/ipc/stream_fuzz.cc,/out/arrow-ipc-stream-fuzz,/tmp/output,
20115,arrow,/src/arrow/cpp/src/arrow/ipc/stream_fuzz.cc,/out/arrow-ipc-stream-fuzz,/tmp/output,
20135,arrow,/src/arrow/cpp/src/arrow/ipc/stream_fuzz.cc,/out/arrow-ipc-stream-fuzz,/tmp/output,
20139,arrow,/src/arrow/cpp/src/arrow/ipc/stream_fuzz.cc,/out/arrow-ipc-stream-fuzz,/tmp/output,
20810,open62541,/src/open62541/tests/fuzz/fuzz_json_decode_encode.cc,/out/fuzz_json_decode_encode
20944,harfbuzz,/src/harfbuzz/test/fuzzing/hb-draw-fuzzer.cc,/out/hb-draw-fuzzer,,
21026,harfbuzz,/src/harfbuzz/test/fuzzing/hb-draw-fuzzer.cc,/out/hb-draw-fuzzer
21464,open62541,/src/open62541/tests/fuzz/fuzz_json_decode_encode.cc,/out/fuzz_json_decode_encode
22320,rdkit,/src/rdkit/Code/Fuzz/mol_data_stream_to_mol_fuzzer.cc,/out/mol_data_stream_to_mol_fuzzer,,
22718,rdkit,/src/rdkit/Code/Fuzz/mol_data_stream_to_mol_fuzzer.cc,/out/mol_data_stream_to_mol_fuzzer,,
23046,ndpi,/src/ndpi/fuzz/fuzz_ndpi_reader.c,/out/fuzz_ndpi_reader
23120,libxml2,/src/libxml2/fuzz/xml.c,/out/xml,,
23352,rdkit,/src/rdkit/Code/Fuzz/mol_data_stream_to_mol_fuzzer.cc,/out/mol_data_stream_to_mol_fuzzer,,
23427,rdkit,/src/rdkit/Code/Fuzz/mol_data_stream_to_mol_fuzzer.cc,/out/mol_data_stream_to_mol_fuzzer,,
23765,libxml2,/src/libxml2/fuzz/html.c,/out/html
23801,mruby,/src/mruby/oss-fuzz/mruby_proto_fuzzer.cpp,/out/mruby_proto_fuzzer
24406,rdkit,/src/rdkit/Code/Fuzz/mol_data_stream_to_mol_fuzzer.cc,/out/mol_data_stream_to_mol_fuzzer,,
24808,rdkit,/src/rdkit/Code/Fuzz/mol_data_stream_to_mol_fuzzer.cc,/out/mol_data_stream_to_mol_fuzzer
24884,arrow,/src/arrow/cpp/src/arrow/ipc/stream_fuzz.cc,/out/arrow-ipc-stream-fuzz,/tmp/output,
25014,libxml2,/src/libxml2/fuzz/xml.c,/out/xml,,
25257,php-src,/src/php-src/sapi/fuzzer/fuzzer-parser.c,/out/php-fuzz-parser,,
25341,assimp,/src/assimp/fuzz/assimp_fuzzer.cc,/out/assimp_fuzzer,/tmp/output,
25384,php-src,/src/php-src/sapi/fuzzer/fuzzer-execute.c,/out/php-fuzz-execute,,
25468,ndpi,/src/ndpi/fuzz/fuzz_process_packet.c,/out/fuzz_process_packet
26015,ndpi,/src/ndpi/fuzz/fuzz_ndpi_reader.c,/out/fuzz_ndpi_reader,,
26345,fluent-bit,/src/fluent-bit/tests/internal/fuzzers/parser_fuzzer.c,/out/flb-it-fuzz-parser_fuzzer_OSSFUZZ,/tmp/output,
26952,wireshark,/src/wireshark/fuzz/fuzzshark.c,/out/fuzzshark_ip
27315,rdkit,/src/rdkit/Code/Fuzz/mol_data_stream_to_mol_fuzzer.cc,/out/mol_data_stream_to_mol_fuzzer,,
27676,skia,/src/skia/fuzz/oss_fuzz/FuzzRasterN32Canvas.cpp,/out/api_raster_n32_canvas
27678,skia,/src/skia/fuzz/oss_fuzz/FuzzRasterN32Canvas.cpp,/out/api_raster_n32_canvas,,
29081,ndpi,/src/ndpi/fuzz/fuzz_process_packet.c,/out/fuzz_process_packet,,
29185,wolfssl,/src/cryptofuzz/entry.cpp,/out/cryptofuzz-sp-math-all,,
29265,skia,/src/skia/fuzz/oss_fuzz/FuzzSkRuntimeEffect.cpp,/out/skruntimeeffect
29444,skia,/src/skia/fuzz/oss_fuzz/FuzzSkRuntimeEffect.cpp,/out/skruntimeeffect,,
29451,selinux,/src/secilc-fuzzer.c,/out/secilc-fuzzer
29517,matio,/src/matio/ossfuzz/matio_fuzzer.cpp,/out/matio_fuzzer
29538,php-src,/src/php-src/sapi/fuzzer/fuzzer-unserializehash.c,/out/php-fuzz-unserializehash,,
29816,c-blosc2,/src/c-blosc2/tests/fuzz/fuzz_decompress_frame.c,/out/decompress_frame_fuzzer,,
29849,skia,/src/skia/fuzz/oss_fuzz/FuzzSKSL2Pipeline.cpp,/out/sksl2pipeline
29947,c-blosc2,/src/c-blosc2/tests/fuzz/fuzz_decompress_frame.c,/out/decompress_frame_fuzzer,/tmp/output,
30250,matio,/src/matio/ossfuzz/matio_fuzzer.cpp,/out/matio_fuzzer
30950,skia,/src/skia/fuzz/oss_fuzz/FuzzSkRuntimeEffect.cpp,/out/skruntimeeffect,,
30974,c-blosc2,/src/c-blosc2/tests/fuzz/fuzz_decompress_frame.c,/out/decompress_frame_fuzzer,,
31065,selinux,/src/secilc-fuzzer.c,/out/secilc-fuzzer
31189,c-blosc2,/src/c-blosc2/tests/fuzz/fuzz_decompress_frame.c,/out/decompress_frame_fuzzer
31241,c-blosc2,/src/c-blosc2/tests/fuzz/fuzz_decompress_frame.c,/out/decompress_frame_fuzzer,/tmp/output,
31556,c-blosc2,/src/c-blosc2/tests/fuzz/fuzz_decompress_frame.c,/out/decompress_frame_fuzzer,,
31585,c-blosc2,/src/c-blosc2/tests/fuzz/fuzz_decompress_frame.c,/out/decompress_frame_fuzzer
31586,c-blosc2,/src/c-blosc2/tests/fuzz/fuzz_decompress_frame.c,/out/decompress_frame_fuzzer,,
31591,libredwg,/src/libredwg/examples/llvmfuzz.c,/out/llvmfuzz,,
31741,libredwg,/src/libredwg/examples/llvmfuzz.c,/out/llvmfuzz
31754,skia,/src/skia/fuzz/oss_fuzz/FuzzMockGPUCanvas.cpp,/out/api_mock_gpu_canvas
31765,skia,/src/skia/fuzz/oss_fuzz/FuzzSKSL2Pipeline.cpp,/out/sksl2pipeline
31901,gpac,/src/testsuite/oss-fuzzers/fuzz_parse.c,/out/fuzz_parse
32040,c-blosc2,/src/c-blosc2/tests/fuzz/fuzz_decompress_frame.c,/out/decompress_frame_fuzzer,/tmp/output,
32076,c-blosc2,/src/c-blosc2/tests/fuzz/fuzz_decompress_frame.c,/out/decompress_frame_fuzzer
32092,selinux,/src/secilc-fuzzer.c,/out/secilc-fuzzer
32140,c-blosc2,/src/c-blosc2/tests/fuzz/fuzz_decompress_frame.c,/out/decompress_frame_fuzzer
32260,selinux,/src/secilc-fuzzer.c,/out/secilc-fuzzer,,
32336,c-blosc2,/src/c-blosc2/tests/fuzz/fuzz_decompress_frame.c,/out/decompress_frame_fuzzer,,
32356,gpac,/src/testsuite/oss-fuzzers/fuzz_parse.c,/out/fuzz_parse,,
32604,libredwg,/src/libredwg/examples/llvmfuzz.c,/out/llvmfuzz,,
32675,selinux,/src/secilc-fuzzer.c,/out/secilc-fuzzer,,
33059,libredwg,/src/libredwg/examples/llvmfuzz.c,/out/llvmfuzz
33554,wasm3,/src/wasm3/platforms/app_fuzz/fuzzer.c,/out/fuzzer
33682,wasm3,/src/wasm3/platforms/app_fuzz/fuzzer.c,/out/fuzzer
34259,c-blosc2,/src/c-blosc2/tests/fuzz/fuzz_decompress_frame.c,/out/decompress_frame_fuzzer
34766,libredwg,/src/libredwg/examples/llvmfuzz.c,/out/llvmfuzz,,
35492,selinux,/src/secilc-fuzzer.c,/out/secilc-fuzzer
35553,selinux,/src/secilc-fuzzer.c,/out/secilc-fuzzer,,
35876,php-src,/src/php-src/sapi/fuzzer/fuzzer-execute.c,/out/php-fuzz-execute
36402,harfbuzz,/src/harfbuzz/test/fuzzing/hb-subset-fuzzer.cc,/out/hb-subset-fuzzer,,
36930,mruby,/src/mruby/oss-fuzz/mruby_fuzzer.c,/out/mruby_fuzzer,,
36998,rdkit,/src/rdkit/Code/Fuzz/mol_data_stream_to_mol_fuzzer.cc,/out/mol_data_stream_to_mol_fuzzer
37915,arrow,/src/arrow/cpp/src/arrow/ipc/stream_fuzz.cc,/out/arrow-ipc-stream-fuzz,/tmp/output,
38989,mruby,/src/mruby/oss-fuzz/mruby_fuzzer.c,/out/mruby_fuzzer
39070,wolfmqtt,/src/wolfmqtt-fuzzers/fuzzer.cpp,/out/wolfmqtt-fuzzer,,
39139,serenity,/src/serenity/Meta/Lagom/Fuzzers/FuzzASN1.cpp,/out/FuzzASN1
40556,php-src,/src/php-src/sapi/fuzzer/fuzzer-tracing-jit.c,/out/php-fuzz-tracing-jit,,
40629,php-src,/src/php-src/sapi/fuzzer/fuzzer-tracing-jit.c,/out/php-fuzz-tracing-jit,,
41208,php-src,/src/php-src/sapi/fuzzer/fuzzer-tracing-jit.c,/out/php-fuzz-tracing-jit,,
42859,php-src,/src/php-src/sapi/fuzzer/fuzzer-tracing-jit.c,/out/php-fuzz-tracing-jit,,
42894,php-src,/src/php-src/sapi/fuzzer/fuzzer-tracing-jit.c,/out/php-fuzz-tracing-jit,,
44212,harfbuzz,/src/harfbuzz/test/fuzzing/hb-shape-fuzzer.cc,/out/hb-shape-fuzzer,,
44405,ndpi,/src/ndpi/fuzz/fuzz_process_packet.c,/out/fuzz_process_packet
44766,gpac,/src/testsuite/oss-fuzzers/fuzz_parse.c,/out/fuzz_parse,/tmp/output,
45369,php-src,/src/php-src/sapi/fuzzer/fuzzer-execute.c,/out/php-fuzz-execute,,
45429,php-src,/src/php-src/sapi/fuzzer/fuzzer-tracing-jit.c,/out/php-fuzz-tracing-jit,,
45880,opensc,/src/opensc/src/tests/fuzzing/fuzz_pkcs15init.c,/out/fuzz_pkcs15init
45969,opensc,/src/opensc/src/tests/fuzzing/fuzz_pkcs15init.c,/out/fuzz_pkcs15init,,
46081,imagemagick,/src/imagemagick/Magick++/fuzz/encoder_fuzzer.cc,/out/encoder_miff_fuzzer,,
46847,libredwg,/src/libredwg/examples/llvmfuzz.c,/out/llvmfuzz,,
47655,opensc,/src/opensc/src/tests/fuzzing/fuzz_pkcs15init.c,/out/fuzz_pkcs15init
48372,c-blosc2,/src/c-blosc2/tests/fuzz/fuzz_decompress_frame.c,/out/decompress_frame_fuzzer,,
49068,php-src,/src/php-src/sapi/fuzzer/fuzzer-execute.c,/out/php-fuzz-execute,,
49259,mruby,/src/mruby/oss-fuzz/mruby_fuzzer.c,/out/mruby_fuzzer
49433,lcms,/src/cms_profile_fuzzer.c,/out/cms_profile_fuzzer,/tmp/output,
49455,lcms,/src/cms_transform_all_fuzzer.c,/out/cms_transform_all_fuzzer,/tmp/output,
49505,lcms,/src/cms_profile_fuzzer.c,/out/cms_profile_fuzzer,/tmp/output,
49602,libredwg,/src/libredwg/examples/llvmfuzz.c,/out/llvmfuzz
49797,assimp,/src/assimp/fuzz/assimp_fuzzer.cc,/out/assimp_fuzzer,/tmp/output,
49901,ndpi,/src/ndpi/fuzz/fuzz_process_packet.c,/out/fuzz_process_packet,,
49906,ndpi,/src/ndpi/fuzz/fuzz_ndpi_reader.c,/out/fuzz_ndpi_reader
50105,ndpi,/src/ndpi/fuzz/fuzz_process_packet.c,/out/fuzz_process_packet
50433,c-blosc2,/src/c-blosc2/tests/fuzz/fuzz_compress_frame.c,/out/compress_frame_fuzzer
50665,lcms,/src/cms_transform_all_fuzzer.c,/out/cms_transform_all_fuzzer,/tmp/output,
50832,lcms,/src/cms_universal_transform_fuzzer.c,/out/cms_universal_transform_fuzzer,,
50833,lcms,/src/cms_universal_transform_fuzzer.c,/out/cms_universal_transform_fuzzer,,
50840,lcms,/src/cms_universal_transform_fuzzer.c,/out/cms_universal_transform_fuzzer,,
51169,php-src,/src/php-src/sapi/fuzzer/fuzzer-function-jit.c,/out/php-fuzz-function-jit,,
51432,hunspell,/src/hunspell/src/tools/affdicfuzzer.cxx,/out/affdicfuzzer,,
52432,gpac,/src/testsuite/oss-fuzzers/fuzz_parse.c,/out/fuzz_parse,/tmp/output,
53183,mruby,/src/mruby/oss-fuzz/mruby_fuzzer.c,/out/mruby_fuzzer,,
53750,libredwg,/src/libredwg/examples/llvmfuzz.c,/out/llvmfuzz
54162,libredwg,/src/libredwg/examples/llvmfuzz.c,/out/llvmfuzz,,
54625,libredwg,/src/libredwg/examples/llvmfuzz.c,/out/llvmfuzz
54857,ffmpeg,/src/ffmpeg/tools/target_dec_fuzzer.c,/out/ffmpeg_AV_CODEC_ID_VC1_fuzzer
54861,ffmpeg,/src/ffmpeg/tools/target_dec_fuzzer.c,/out/ffmpeg_AV_CODEC_ID_SVQ3_fuzzer
55026,ffmpeg,/src/ffmpeg/tools/target_dec_fuzzer.c,/out/ffmpeg_AV_CODEC_ID_BINK_fuzzer,/tmp/output,
56308,wolfssl,/src/wolf-ssl-ssh-fuzzers/oss-fuzz/projects/wolf-ssl-ssh/fuzzers/wolfssl-fuzzers/ocsp.c,/out/fuzzer-wolfssl-ocsp,,
56476,libdwarf,/src/libdwarf/fuzz/fuzz_rng.c,/out/fuzz_rng,,
56478,libdwarf,/src/libdwarf/fuzz/fuzz_rng.c,/out/fuzz_rng
56982,serenity,/src/serenity/Meta/Lagom/Fuzzers/FuzzJPEGLoader.cpp,/out/FuzzJPEGLoader
56991,mruby,/src/mruby/oss-fuzz/mruby_proto_fuzzer.cpp,/out/mruby_proto_fuzzer
57001,assimp,/src/assimp/fuzz/assimp_fuzzer.cc,/out/assimp_fuzzer
57080,libxml2,/src/libxml2/fuzz/xinclude.c,/out/xinclude,,
57084,libxml2,/src/libxml2/fuzz/schema.c,/out/schema,,
57089,libxml2,/src/libxml2/fuzz/html.c,/out/html
57110,libxml2,/src/libxml2/fuzz/schema.c,/out/schema
57224,libxml2,/src/libxml2/fuzz/html.c,/out/html
57284,libxml2,/src/libxml2/fuzz/html.c,/out/html,,
57316,wolfssl,/src/wolf-ssl-ssh-fuzzers/oss-fuzz/projects/wolf-ssl-ssh/fuzzers/wolfssl-fuzzers/client.c,/out/fuzzer-wolfssl-client-randomize,,
57672,mruby,/src/mruby/oss-fuzz/mruby_fuzzer.c,/out/mruby_fuzzer,,
57703,mruby,/src/mruby/oss-fuzz/mruby_proto_fuzzer.cpp,/out/mruby_proto_fuzzer
58553,hunspell,/src/hunspell/src/tools/affdicfuzzer.cxx,/out/affdicfuzzer,,
58577,mruby,/src/mruby/oss-fuzz/mruby_fuzzer.c,/out/mruby_fuzzer
58660,harfbuzz,/src/harfbuzz/test/fuzzing/hb-subset-fuzzer.cc,/out/hb-subset-fuzzer
58663,harfbuzz,/src/harfbuzz/test/fuzzing/hb-subset-fuzzer.cc,/out/hb-subset-fuzzer,,
58671,harfbuzz,/src/harfbuzz/test/fuzzing/hb-subset-fuzzer.cc,/out/hb-subset-fuzzer
58723,mruby,/src/mruby/oss-fuzz/mruby_fuzzer.c,/out/mruby_fuzzer,,
58946,wolfssl,/src/wolf-ssl-ssh-fuzzers/oss-fuzz/projects/wolf-ssl-ssh/fuzzers/wolfssl-fuzzers/client.c,/out/fuzzer-wolfssl-client-randomize
59428,libredwg,/src/libredwg/examples/llvmfuzz.c,/out/llvmfuzz
59645,PcapPlusPlus,/src/PcapPlusPlus/Tests/Fuzzers/FuzzTarget.cpp,/out/FuzzTarget,,
59650,PcapPlusPlus,/src/PcapPlusPlus/Tests/Fuzzers/FuzzTarget.cpp,/out/FuzzTarget
59654,PcapPlusPlus,/src/PcapPlusPlus/Tests/Fuzzers/FuzzTarget.cpp,/out/FuzzTarget,,
59706,libxml2,/src/libxslt/tests/fuzz/xslt.c,/out/xslt,,
59710,PcapPlusPlus,/src/PcapPlusPlus/Tests/Fuzzers/FuzzTarget.cpp,/out/FuzzTarget,,
59718,libxml2,/src/libxml2/fuzz/html.c,/out/html
59808,PcapPlusPlus,/src/PcapPlusPlus/Tests/Fuzzers/FuzzTarget.cpp,/out/FuzzTarget,,
59844,PcapPlusPlus,/src/PcapPlusPlus/Tests/Fuzzers/FuzzTarget.cpp,/out/FuzzTarget,,
59862,PcapPlusPlus,/src/PcapPlusPlus/Tests/Fuzzers/FuzzTarget.cpp,/out/FuzzTarget,,
60090,libdwarf,/src/libdwarf/fuzz/fuzz_set_frame_all.c,/out/fuzz_set_frame_all
60456,PcapPlusPlus,/src/PcapPlusPlus/Tests/Fuzzers/FuzzTarget.cpp,/out/FuzzTarget,,
60473,PcapPlusPlus,/src/PcapPlusPlus/Tests/Fuzzers/FuzzTarget.cpp,/out/FuzzTarget,,
60475,harfbuzz,/src/harfbuzz/test/fuzzing/hb-shape-fuzzer.cc,/out/hb-shape-fuzzer
60506,libdwarf,/src/libdwarf/fuzz/fuzz_srcfiles.c,/out/fuzz_srcfiles
60616,opensc,/src/opensc/src/tests/fuzzing/fuzz_pkcs15_decode.c,/out/fuzz_pkcs15_decode
60993,libredwg,/src/libredwg/examples/llvmfuzz.c,/out/llvmfuzz
61180,PcapPlusPlus,/src/PcapPlusPlus/Tests/Fuzzers/FuzzTarget.cpp,/out/FuzzTarget,,
61233,PcapPlusPlus,/src/PcapPlusPlus/Tests/Fuzzers/FuzzTarget.cpp,/out/FuzzTarget,,
62209,rdkit,/src/rdkit/Code/Fuzz/smiles_string_to_mol_fuzzer.cc,/out/smiles_string_to_mol_fuzzer
62367,libredwg,/src/libredwg/examples/llvmfuzz.c,/out/llvmfuzz,,
62615,imagemagick,/src/imagemagick/Magick++/fuzz/encoder_label_fuzzer.cc,/out/encoder_label_fuzzer,,
63157,libxml2,/src/libxml2/fuzz/xml.c,/out/xml
63483,libredwg,/src/libredwg/examples/llvmfuzz.c,/out/llvmfuzz
63919,libredwg,/src/libredwg/examples/llvmfuzz.c,/out/llvmfuzz
64110,PcapPlusPlus,/src/PcapPlusPlus/Tests/Fuzzers/FuzzTarget.cpp,/out/FuzzTarget,,
64111,PcapPlusPlus,/src/PcapPlusPlus/Tests/Fuzzers/FuzzTarget.cpp,/out/FuzzTargetNg,,
64181,opensc,/src/opensc/src/tests/fuzzing/fuzz_pkcs15init.c,/out/fuzz_pkcs15init
64570,wolfmqtt,/src/wolfmqtt-fuzzers/fuzzer.cpp,/out/wolfmqtt-fuzzer
64579,php-src,/src/php-src/sapi/fuzzer/fuzzer-function-jit.c,/out/php-fuzz-function-jit,,
65012,libxml2,/src/libxml2/fuzz/xml.c,/out/xml,,
65032,libxml2,/src/libxslt/tests/fuzz/xslt.c,/out/xslt
65112,libxml2,/src/libxml2/fuzz/html.c,/out/html
65409,libxml2,/src/libxml2/fuzz/xinclude.c,/out/xinclude,,
65528,libjxl,/src/libjxl/tools/icc_codec_fuzzer.cc,/out/icc_codec_fuzzer,,
66111,libredwg,/src/libredwg/examples/llvmfuzz.c,/out/llvmfuzz,,
66349,gpac,/src/testsuite/oss-fuzzers/fuzz_probe_analyze.c,/out/fuzz_probe_analyze
66446,libxml2,/src/libxml2/fuzz/xml.c,/out/xml,,
66502,libxml2,/src/libxml2/fuzz/xml.c,/out/xml
66679,libxml2,/src/libxml2/fuzz/xml.c,/out/xml
